2p-Field,2p-ROI,matched,not_a_cell,Nuc Coords,Estimated EM Coords
GCL0,1,True,False,"32653, 23923, 553","32313, 24058, 473"
GCL0,2,True,False,"33159, 22959, 606","32936, 23221, 524"
GCL0,3,True,False,"33787, 21853, 597","33723, 22104, 591"
GCL0,4,True,False,"34131, 21306, 627","34154, 21587, 623"
GCL0,5,True,False,"34753, 20187, 669","34861, 20538, 686"
GCL0,6,True,False,"33757, 22478, 558","33457, 22660, 560"
GCL0,7,True,False,"34769, 21233, 628","34705, 21318, 645"
GCL0,8,True,False,"35359, 20040, 704","35536, 20194, 713"
GCL0,9,True,False,"35922, 19429, 736","35883, 19861, 735"
GCL0,10,True,False,"33441, 23770, 537","33162, 23973, 491"
GCL0,11,True,False,"34155, 21713, 539","34225, 22013, 604"
GCL0,12,True,False,"33441, 23770, 537","33671, 23639, 515"
GCL0,13,True,False,"33940, 23022, 562","33796, 23176, 540"
GCL0,14,True,False,"34529, 22225, 556","34387, 22408, 587"
GCL0,15,True,False,"35300, 20508, 674","35361, 20772, 682"
GCL0,16,True,False,"33229, 24415, 498","32898, 24490, 461"
GCL0,17,True,False,"34268, 22688, 508","34114, 22853, 561"
GCL0,18,True,False,"34793, 21772, 590","34856, 21936, 618"
GCL0,19,True,False,"35387, 21656, 612","35507, 21724, 638"
GCL0,20,True,False,"35439, 20865, 656","35638, 21105, 671"
GCL0,21,True,False,"36037, 20199, 754","36283, 20342, 718"
GCL0,22,True,False,"33645, 24480, 456","33413, 24625, 463"
GCL0,23,True,False,"34910, 23327, 512","34810, 23284, 551"
GCL0,24,True,False,"34980, 22132, 541","35034, 22311, 602"
GCL0,25,True,False,"36215, 20750, 730","36425, 20887, 694"
GCL0,26,True,False,"34120, 24441, 500","33911, 24415, 481"
GCL0,27,True,False,"34333, 23947, 562","34188, 23935, 509"
GCL0,28,True,False,"35613, 22487, 602","35492, 22603, 595"
GCL0,29,True,False,"36139, 21242, 684","36247, 21482, 662"
GCL0,30,True,False,"34034, 24921, 451","33745, 24963, 452"
GCL0,31,True,False,"36884, 20356, 722","37013, 20699, 713"
GCL0,32,True,False,"34613, 24287, 477","34484, 24395, 492"
GCL0,33,True,False,"34560, 24856, 448","34302, 24939, 462"
GCL0,34,True,False,"35152, 24120, 485","34944, 24195, 509"
GCL0,35,True,False,"36613, 22004, 649","36670, 22083, 640"
GCL0,36,True,False,"36716, 21255, 680","36950, 21324, 681"
GCL0,37,True,False,"35347, 23858, 550","35217, 23902, 528"
GCL0,38,True,False,"35782, 23083, 585","35886, 23169, 574"
GCL0,39,True,False,"37333, 20997, 702","37539, 21209, 696"
GCL0,40,True,False,"34836, 25248, 379","34580, 25313, 449"
GCL0,41,True,False,"35126, 24772, 470","35124, 24879, 478"
GCL0,42,True,False,"35762, 23764, 568","35743, 23804, 541"
GCL0,43,True,False,"37175, 21691, 695","37457, 21805, 666"
GCL0,44,True,False,"34833, 25769, 365","34627, 25785, 426"
GCL0,45,True,False,"35827, 24494, 527","35647, 24459, 507"
GCL0,46,True,False,"36710, 23076, 583","36619, 23086, 590"
GCL0,47,True,False,"37002, 22765, 603","37181, 22717, 617"
GCL0,48,True,False,"35393, 25756, 442","35268, 25652, 443"
GCL0,49,True,False,"36425, 23638, 523","36378, 23676, 557"
GCL0,50,True,False,"37843, 21275, 687","38072, 21487, 691"
GCL0,51,True,False,"36276, 24360, 508","36205, 24318, 523"
GCL0,52,True,False,"36829, 23632, 575","36897, 23626, 568"
GCL0,53,True,False,"37507, 22052, 655","37954, 22165, 656"
GCL0,54,True,False,"35736, 26304, 463","35316, 26214, 417"
GCL0,55,True,False,"36261, 24878, 470","36174, 24879, 495"
GCL0,56,True,False,"36747, 24328, 534","36807, 24197, 539"
GCL0,57,True,False,"37717, 22693, 606","37886, 22767, 626"
GCL0,58,True,False,"36268, 25665, 459","36035, 25439, 466"
GCL0,59,True,False,"37479, 23564, 527","37601, 23562, 583"
GCL0,60,True,False,"38359, 22221, 670","38622, 22145, 668"
GCL0,61,True,False,"36641, 25504, 487","36594, 25306, 481"
GCL0,62,True,False,"36912, 24891, 527","36894, 24737, 514"
GCL0,63,True,False,"38245, 22679, 637","38431, 22682, 639"
GCL0,64,True,False,"36649, 26065, 464","36441, 25836, 453"
GCL0,65,True,False,"38075, 23249, 591","38342, 23243, 610"
GCL0,66,True,False,"37754, 24223, 532","37758, 24222, 553"
GCL0,67,True,False,"36364, 27113, 407","36125, 26733, 404"
GCL0,68,True,False,"38079, 23906, 582","38263, 23800, 582"
GCL0,69,True,False,"38652, 22641, 651","39054, 22527, 657"
GCL0,70,True,False,"36994, 26460, 443","36698, 26257, 437"
GCL0,71,True,False,"37756, 25423, 481","37702, 25113, 509"
GCL0,72,True,False,"38751, 23195, 636","39048, 23070, 630"
GCL0,73,True,False,"37454, 26215, 476","37281, 26023, 458"
GCL0,74,True,False,"38615, 23638, 592","38830, 23550, 603"
GCL0,75,True,False,"39334, 22692, 669","39557, 22607, 661"
GCL0,76,True,False,"38328, 24432, 547","38437, 24311, 560"
GCL0,77,True,False,"36956, 27719, 377","36632, 27188, 390"
GCL0,78,True,False,"37263, 27145, 397","37065, 26847, 414"
GCL0,79,True,False,"38727, 24132, 572","38908, 24015, 582"
GCL0,80,True,False,"39024, 23829, 635","39303, 23638, 607"
GCL0,81,True,False,"39655, 23462, 758","39965, 23071, 645"
GCL0,82,True,False,"37959, 26135, 491","37918, 25944, 472"
GCL0,83,True,False,"37808, 26812, 443","37640, 26520, 439"
GCL0,84,True,False,"38572, 25520, 498","38574, 25200, 519"
GCL0,85,True,False,"38777, 24908, 566","38927, 24728, 547"
GCL0,86,True,False,"39118, 24485, 623","39317, 24283, 575"
GCL0,87,True,False,"39546, 23968, 581","39791, 23635, 615"
GCL0,88,True,False,"38471, 26192, 487","38403, 25679, 493"
GCL1,1,True,False,"33871, 16222, 920","33651, 16541, 928"
GCL1,2,True,False,"33905, 15777, 948","33804, 16021, 956"
GCL1,3,True,False,"34436, 15484, 1005","34525, 15723, 976"
GCL1,4,True,False,"34596, 14944, 1030","34674, 15055, 1013"
GCL1,5,True,False,"35123, 14186, 1087","35196, 14373, 1053"
GCL1,6,True,False,"33254, 17467, 935","33002, 17623, 866"
GCL1,7,True,False,"33717, 17146, 909","33424, 17190, 891"
GCL1,8,True,False,"35357, 15064, 1044","35281, 15292, 1004"
GCL1,9,True,False,"35634, 14614, 1050","35646, 14846, 1030"
GCL1,10,True,False,"34261, 17180, 940","33985, 17199, 894"
GCL1,11,True,False,"35820, 14232, 1079","35963, 14454, 1053"
GCL1,12,True,False,"36472, 13688, 1103","36738, 13914, 1086"
GCL1,13,True,False,"34802, 16613, 933","34610, 16683, 925"
GCL1,14,True,False,"36210, 13846, 971","36326, 14170, 1070"
GCL1,15,True,False,"33904, 17989, 865","33532, 18091, 844"
GCL1,16,True,False,"35107, 16200, 987","35067, 16359, 945"
GCL1,17,True,False,"34348, 17772, 884","34087, 17790, 863"
GCL1,18,True,False,"34822, 17179, 882","34659, 17274, 894"
GCL1,19,True,False,"35530, 16006, 960","35493, 16098, 962"
GCL1,20,True,False,"35862, 15248, 990","35914, 15479, 997"
GCL1,21,True,False,"36503, 14881, 920","36475, 14953, 1029"
GCL1,22,True,False,"33861, 18451, 823","33977, 18485, 825"
GCL1,23,True,False,"37099, 13789, 1115","37301, 14031, 1083"
GCL1,24,True,False,"35941, 15857, 982","35981, 16040, 967"
GCL1,25,True,False,"35127, 16982, 769","35160, 17087, 907"
GCL1,26,True,False,"37002, 14487, 1034","37130, 14579, 1052"
GCL1,27,True,False,"34312, 18423, 848","34511, 18418, 831"
GCL1,28,True,False,"35034, 17712, 785","34783, 17833, 864"
GCL1,29,True,False,"35354, 17492, 793","35249, 17554, 882"
GCL1,30,True,False,"35782, 16760, 951","35731, 16820, 924"
GCL1,31,True,False,"36498, 15710, 903","36600, 15842, 981"
GCL1,32,True,False,"37362, 14395, 1104","37632, 14504, 1059"
GCL1,33,True,False,"36954, 15352, 1027","37258, 15367, 1011"
GCL1,34,True,False,"35274, 18413, 804","35078, 18405, 835"
GCL1,35,True,False,"36323, 16443, 952","36356, 16545, 942"
GCL1,36,True,False,"35763, 18077, 786","35702, 18171, 851"
GCL1,37,True,False,"36241, 17698, 828","36103, 17679, 880"
GCL1,38,True,False,"36261, 17008, 882","36253, 17171, 908"
GCL1,39,True,False,"36901, 16226, 1001","37008, 16298, 959"
GCL1,40,True,False,"35260, 19062, 821","35093, 18978, 804"
GCL1,41,True,False,"37628, 16160, 1018","37633, 16100, 973"
GCL1,42,True,False,"38096, 15181, 1016","38371, 15141, 1029"
GCL1,43,True,False,"36880, 17227, 988","36867, 17177, 911"
GCL1,44,True,False,"37747, 15701, 1011","37988, 15658, 999"
GCL1,45,True,False,"35866, 18756, 830","35780, 18743, 821"
GCL1,46,True,False,"35922, 19429, 736","35534, 19428, 783"
GCL1,47,True,False,"36789, 18021, 891","36755, 17958, 869"
GCL1,48,True,False,"36727, 18662, 838","36615, 18517, 838"
GCL1,49,True,False,"36550, 19072, 820","36394, 19022, 809"
GCL1,50,True,False,"38316, 16227, 920","38674, 16040, 982"
GCL1,51,True,False,"36037, 20199, 754","35910, 20029, 753"
GCL1,52,True,False,"36405, 19708, 793","36228, 19585, 778"
GCL1,53,True,False,"37351, 18281, 901","37383, 18114, 864"
GCL1,54,True,False,"37876, 17945, 917","37860, 17736, 887"
GCL1,55,True,False,"36999, 19057, 832","36948, 18958, 816"
GCL1,56,True,False,"37410, 18675, 869","37340, 18591, 838"
GCL1,57,True,False,"38345, 16940, 951","38535, 16849, 938"
GCL1,58,True,False,"39187, 15712, 869","39477, 15753, 1002"
GCL1,59,True,False,"38302, 17604, 930","38444, 17390, 908"
GCL1,60,True,False,"38885, 16841, 1003","39203, 16660, 952"
GCL1,61,True,False,"36884, 20356, 722","36642, 20286, 743"
GCL1,62,True,False,"37336, 19530, 802","37186, 19450, 791"
GCL1,63,True,False,"37381, 19129, 842","37422, 19056, 813"
GCL1,64,True,False,"37854, 18705, 820","37934, 18537, 844"
GCL1,65,True,False,"37279, 19946, 783","37060, 19843, 769"
GCL1,66,True,False,"38479, 18250, 898","38615, 18212, 865"
GCL1,67,True,False,"38905, 17381, 938","39092, 17206, 922"
GCL1,68,True,False,"37904, 19266, 765","37960, 19194, 809"
GCL1,69,True,False,"38924, 17758, 890","39140, 17603, 901"
GCL1,70,True,False,"37434, 20426, 771","37327, 20203, 751"
GCL1,71,True,False,"39350, 17255, 991","39658, 17077, 932"
GCL1,72,True,False,"37333, 20997, 702","37144, 20831, 716"
GCL1,73,True,False,"37878, 19957, 758","37917, 19872, 772"
GCL1,74,True,False,"38038, 20745, 728","37843, 20433, 741"
GCL1,75,True,False,"38740, 19331, 842","38798, 19143, 816"
GCL1,76,True,False,"39487, 18171, 905","39739, 17899, 888"
GCL1,77,True,False,"39155, 18753, 850","39343, 18526, 852"
GCL1,78,True,False,"37843, 21275, 687","37685, 20951, 713"
GCL2,1,True,False,"26172, 29697, 316","25831, 29718, 285"
GCL2,2,True,False,"26292, 29061, 309","26042, 29247, 292"
GCL2,3,True,False,"28045, 26042, 368","27967, 26493, 335"
GCL2,4,True,False,"28328, 25477, 370","28391, 25926, 344"
GCL2,5,True,False,"28690, 25078, 429","28861, 25537, 350"
GCL2,6,True,False,"27902, 27099, 311","27760, 27273, 324"
GCL2,7,True,False,"26785, 29732, 302","26424, 29758, 286"
GCL2,8,True,False,"28730, 27160, 259","28579, 27160, 327"
GCL2,9,True,False,"28633, 26002, 276","28653, 26344, 338"
GCL2,10,True,False,"27962, 27879, 292","27859, 27993, 314"
GCL2,11,True,False,"29217, 25986, 362","29189, 26416, 339"
GCL2,12,True,False,"29536, 25409, 420","29557, 25781, 348"
GCL2,13,True,False,"26726, 30379, 303","26620, 30329, 279"
GCL2,14,True,False,"27480, 28576, 341","27583, 28640, 304"
GCL2,15,True,False,"27470, 29591, 315","27144, 29580, 291"
GCL2,16,False,True,,"27524, 29179, 297"
GCL2,17,True,False,"28484, 27897, 261","28424, 27948, 316"
GCL2,18,True,False,"27376, 30263, 309","27069, 30255, 281"
GCL2,19,True,False,"28531, 28554, 234","28100, 28680, 305"
GCL2,20,True,False,"28192, 29070, 289","27997, 29172, 298"
GCL2,21,True,False,"29580, 26798, 345","29600, 27038, 331"
GCL2,22,True,False,"30017, 26016, 341","30157, 26365, 342"
GCL2,23,True,False,"28141, 29674, 296","27944, 29675, 291"
GCL2,24,True,False,"27834, 30508, 212","27571, 30406, 280"
GCL2,25,True,False,"28963, 28188, 293","28913, 28214, 314"
GCL2,26,True,False,"29400, 27359, 333","29418, 27561, 324"
GCL2,27,True,False,"28764, 29032, 261","28651, 29020, 302"
GCL2,28,True,False,"29462, 27918, 257","29621, 28096, 317"
GCL2,29,True,False,"30160, 26932, 349","30292, 27142, 332"
GCL2,30,True,False,"29046, 29891, 224","28923, 29707, 293"
GCL2,31,True,False,"29288, 28660, 202","29318, 28553, 310"
GCL2,32,True,False,"30298, 27668, 328","30288, 27803, 323"
GCL2,33,True,False,"30747, 26710, 346","30845, 26810, 337"
GCL2,34,True,False,"28134, 31563, 308","27884, 31209, 270"
GCL2,35,True,False,"29359, 29195, 252","29318, 29163, 302"
GCL2,36,False,True,,"29533, 28856, 306"
GCL2,37,True,False,"28902, 30611, 283","28732, 30424, 283"
GCL2,38,True,False,"30882, 27664, 310","30992, 27619, 327"
GCL2,39,True,False,"30506, 28304, 332","30571, 28301, 316"
GCL2,40,True,False,"31292, 26705, 330","31408, 26951, 337"
GCL2,41,True,False,"28745, 31752, 351","28419, 31495, 267"
GCL2,42,True,False,"29775, 30041, 263","29839, 29899, 293"
GCL2,43,True,False,"30101, 29368, 277","29960, 29253, 302"
GCL2,44,True,False,"29307, 30545, 313","29210, 30400, 284"
GCL2,45,True,False,"31275, 27698, 343","31529, 27736, 326"
GCL2,46,True,False,"31711, 27054, 333","31890, 27159, 335"
GCL2,47,True,False,"29844, 30713, 277","29769, 30645, 282"
GCL2,48,True,False,"30505, 29692, 342","30623, 29433, 301"
GCL2,49,True,False,"31119, 28496, 315","31309, 28287, 318"
GCL2,50,True,False,"31759, 27601, 287","31980, 27562, 330"
GCL2,51,True,False,"31257, 28855, 393","31247, 28756, 312"
GCL2,52,True,False,"29715, 31614, 306","29696, 31310, 273"
GCL2,53,True,False,"32245, 27199, 369","32448, 27478, 332"
GCL2,54,True,False,"30469, 30639, 228","30647, 30262, 290"
GCL2,55,True,False,"31086, 29439, 296","31246, 29272, 305"
GCL2,56,True,False,"31938, 28207, 335","32238, 28214, 322"
GCL2,57,True,False,"31756, 28755, 332","31936, 28741, 314"
GCL2,58,True,False,"30403, 31201, 331","30365, 30981, 279"
GCL2,59,True,False,"31746, 29698, 364","31788, 29460, 304"
GCL2,60,True,False,"31348, 30327, 312","31513, 30159, 293"
GCL2,61,True,False,"30531, 32200, 318","30363, 31897, 267"
GCL2,62,True,False,"30809, 32035, 216","30986, 31577, 273"
GCL2,63,True,False,"31081, 31108, 213","31250, 30804, 284"
GCL2,64,True,False,"33051, 28528, 286","33342, 28365, 322"
GCL2,65,True,False,"32745, 29057, 372","33105, 28973, 313"
GCL2,66,True,False,"33082, 29184, 283","33536, 28930, 315"
GCL3,1,True,False,"39878, 36479, 566","39845, 36158, 465"
GCL3,2,True,False,"40764, 35144, 483","40630, 35384, 477"
GCL3,3,True,False,"41229, 34469, 465","41265, 34808, 487"
GCL3,4,True,False,"41789, 33955, 473","41796, 34297, 495"
GCL3,5,True,False,"40138, 36924, 484","39986, 37103, 463"
GCL3,6,True,False,"40294, 36532, 419","40303, 36674, 469"
GCL3,7,True,False,"39971, 37331, 535","39690, 37463, 458"
GCL3,8,True,False,"41283, 35334, 499","41253, 35554, 484"
GCL3,9,True,False,"41053, 35835, 411","40872, 36106, 477"
GCL3,10,True,False,"40110, 37960, 506","39864, 37937, 458"
GCL3,11,True,False,"40320, 37447, 402","40116, 37571, 463"
GCL3,12,True,False,"42020, 34847, 449","42007, 35179, 495"
GCL3,13,True,False,"42468, 33869, 523","42546, 34276, 504"
GCL3,14,True,False,"41448, 35857, 497","41382, 36078, 484"
GCL3,15,True,False,"41315, 36648, 441","41187, 36736, 479"
GCL3,16,True,False,"42633, 34590, 491","42630, 34851, 503"
GCL3,17,True,False,"40866, 37490, 488","40652, 37566, 469"
GCL3,18,True,False,"41904, 35455, 463","41989, 35846, 492"
GCL3,19,True,False,"40366, 38533, 416","40184, 38291, 461"
GCL3,20,True,False,"41155, 37097, 488","40994, 37208, 475"
GCL3,21,True,False,"40839, 37974, 503","40633, 37996, 467"
GCL3,22,True,False,"41961, 36489, 472","41859, 36602, 487"
GCL3,23,True,False,"42629, 35374, 488","42660, 35589, 501"
GCL3,24,True,False,"41013, 38376, 457","40840, 38311, 468"
GCL3,25,True,False,"41506, 37661, 463","41305, 37673, 476"
GCL3,26,True,False,"42539, 36283, 480","42503, 36372, 496"
GCL3,27,True,False,"42044, 37482, 494","42052, 37504, 486"
GCL3,28,True,False,"43292, 35146, 458","43413, 35312, 511"
GCL3,29,True,False,"41384, 38952, 443","41181, 38833, 470"
GCL3,30,True,False,"42440, 36858, 486","42356, 36941, 492"
GCL3,31,True,False,"42946, 35891, 471","42947, 36045, 502"
GCL3,32,True,False,"41928, 38259, 485","41873, 38268, 481"
GCL3,33,True,False,"43409, 35864, 476","43425, 35995, 508"
GCL3,34,True,False,"42986, 36495, 520","43032, 36498, 501"
GCL3,35,True,False,"43948, 35139, 548","44131, 35304, 519"
GCL3,36,True,False,"43650, 35583, 501","43843, 35774, 514"
GCL3,37,True,False,"42899, 37188, 507","42868, 37215, 497"
GCL3,38,True,False,"41993, 38939, 514","41789, 38825, 478"
GCL3,39,True,False,"43261, 36782, 502","43260, 36816, 503"
GCL3,40,True,False,"42108, 39510, 503","41927, 39346, 477"
GCL3,41,True,False,"42987, 37753, 513","42916, 37775, 495"
GCL3,42,True,False,"43870, 36306, 528","43985, 36363, 513"
GCL3,43,True,False,"43709, 36779, 530","43778, 36776, 509"
GCL3,44,True,False,"42497, 39177, 467","42258, 38960, 483"
GCL3,45,True,False,"44183, 35907, 566","44452, 35982, 520"
GCL3,46,True,False,"42952, 38536, 581","43017, 38481, 494"
GCL3,47,True,False,"44153, 36925, 492","44326, 36893, 515"
GCL3,48,True,False,"44487, 36537, 566","44704, 36523, 521"
GCL3,49,True,False,"42867, 39674, 471","42770, 39294, 487"
GCL3,50,True,False,"44095, 37374, 517","44193, 37315, 512"
GCL3,51,True,False,"44027, 37908, 479","44108, 37790, 509"
GCL3,52,True,False,"45282, 35996, 561","45741, 35960, 536"
GCL3,53,True,False,"43500, 39178, 502","43442, 38968, 497"
GCL3,54,True,False,"44604, 37329, 568","44835, 37191, 520"
GCL3,55,True,False,"43184, 40192, 468","42954, 39877, 487"
GCL3,56,True,False,"44033, 38635, 531","44116, 38467, 507"
GCL3,57,True,False,"43503, 39811, 480","43429, 39480, 494"
GCL3,58,True,False,"44649, 37955, 556","44796, 37820, 517"
GCL3,59,True,False,"45464, 36867, 552","45789, 36838, 533"
GCL3,60,True,False,"43458, 41133, 425","43326, 40582, 489"
GCL3,61,True,False,"43694, 40614, 457","43559, 40182, 493"
GCL3,62,True,False,"44075, 39875, 545","43984, 39690, 500"
GCL3,63,True,False,"46285, 36395, 502","46762, 36295, 546"
GCL3,64,True,False,"45936, 36745, 542","46323, 36706, 539"
GCL3,65,True,False,"44035, 41084, 456","43919, 40578, 496"
GCL3,66,True,False,"45892, 37725, 520","46191, 37466, 535"
GCL3,67,True,False,"46161, 37132, 538","46603, 37022, 542"
GCL4,1,True,False,"46372, 16403, 1111","46188, 16564, 1049"
GCL4,2,True,False,"46881, 15305, 1061","46769, 15619, 1096"
GCL4,3,True,False,"46893, 16081, 1080","46869, 16340, 1068"
GCL4,4,True,False,"47660, 14573, 1116","47619, 14753, 1143"
GCL4,5,True,False,"48155, 14042, 1187","48099, 14198, 1172"
GCL4,6,True,False,"48405, 13626, 1223","48487, 13805, 1193"
GCL4,7,True,False,"48363, 13146, 1183","48877, 13154, 1225"
GCL4,8,True,False,"47379, 15230, 1072","47199, 15462, 1108"
GCL4,9,True,False,"47658, 14983, 1075","47538, 15205, 1123"
GCL4,10,True,False,"48200, 14577, 1101","48223, 14773, 1150"
GCL4,11,True,False,"46531, 17546, 1014","46281, 17552, 1011"
GCL4,12,True,False,"47623, 15729, 1074","47467, 15947, 1092"
GCL4,13,True,False,"46921, 17020, 1034","46744, 17116, 1035"
GCL4,14,True,False,"49020, 13774, 1264","49099, 13908, 1198"
GCL4,15,True,False,"49529, 13172, 1240","49526, 13378, 1225"
GCL4,16,True,False,"48803, 14433, 1207","48857, 14582, 1167"
GCL4,17,True,False,"48321, 15238, 1088","48275, 15336, 1128"
GCL4,18,True,False,"48203, 15872, 1063","48095, 15938, 1102"
GCL4,19,True,False,"48028, 16300, 1039","47890, 16450, 1078"
GCL4,20,True,False,"48854, 15267, 1168","49054, 15253, 1143"
GCL4,21,True,False,"47054, 18313, 984","46893, 18186, 994"
GCL4,22,True,False,"47395, 17422, 1025","47213, 17432, 1029"
GCL4,23,True,False,"48457, 15728, 1071","48477, 15795, 1113"
GCL4,24,True,False,"49721, 14105, 1200","49790, 14143, 1198"
GCL4,25,True,False,"47830, 17016, 1060","47668, 17111, 1048"
GCL4,26,True,False,"47422, 17957, 976","47223, 17938, 1008"
GCL4,27,True,False,"49563, 14505, 1181","49631, 14677, 1174"
GCL4,28,True,False,"48695, 16254, 1114","48701, 16280, 1096"
GCL4,29,True,False,"48542, 16671, 1122","48475, 16691, 1076"
GCL4,30,True,False,"50398, 13931, 1258","50492, 14037, 1212"
GCL4,31,True,False,"48381, 17093, 1118","48380, 17167, 1056"
GCL4,32,True,False,"49041, 15905, 1117","49272, 15921, 1119"
GCL4,33,True,False,"48177, 17714, 1036","48026, 17652, 1031"
GCL4,34,True,False,"47949, 18121, 977","47723, 18162, 1006"
GCL4,35,True,False,"50304, 14568, 1209","50513, 14749, 1184"
GCL4,36,True,False,"49851, 15287, 1137","49982, 15338, 1152"
GCL4,37,True,False,"48059, 18784, 974","47807, 18670, 987"
GCL4,38,True,False,"49445, 16452, 1150","49442, 16472, 1099"
GCL4,39,True,False,"51073, 14350, 1201","51176, 14449, 1205"
GCL4,40,True,False,"49002, 17725, 1050","48928, 17646, 1044"
GCL4,41,True,False,"48401, 18527, 994","48226, 18445, 1002"
GCL4,42,True,False,"48672, 18230, 1038","48548, 18151, 1018"
GCL4,43,True,False,"49648, 16993, 1111","49547, 16938, 1082"
GCL4,44,True,False,"50014, 16189, 1143","50053, 16211, 1118"
GCL4,45,True,False,"50306, 15738, 1153","50446, 15734, 1143"
GCL4,46,True,False,"48233, 19424, 960","48085, 19130, 972"
GCL4,47,True,False,"50719, 15363, 1158","50839, 15417, 1161"
GCL4,48,True,False,"48590, 19028, 961","48362, 18950, 984"
GCL4,49,True,False,"51144, 14941, 1166","51297, 15012, 1184"
GCL4,50,True,False,"49541, 17740, 1074","49509, 17655, 1052"
GCL4,51,True,False,"48843, 18779, 986","48696, 18762, 996"
GCL4,52,True,False,"49035, 18574, 995","48942, 18528, 1009"
GCL4,53,True,False,"49267, 18280, 1068","49213, 18246, 1024"
GCL4,54,True,False,"50308, 16716, 1108","50431, 16783, 1100"
GCL4,55,True,False,"50560, 16227, 1125","50714, 16294, 1124"
GCL4,56,True,False,"50126, 17313, 1093","50157, 17290, 1076"
GCL4,57,True,False,"50919, 15976, 1127","51113, 15900, 1145"
GCL4,58,True,False,"48756, 19510, 957","48522, 19391, 968"
GCL4,59,True,False,"51244, 15381, 1151","51484, 15447, 1169"
GCL4,60,True,False,"49499, 18768, 1046","49414, 18784, 1005"
GCL4,61,True,False,"49945, 18334, 1068","49906, 18256, 1033"
GCL4,62,True,False,"49109, 19445, 993","48940, 19357, 975"
GCL4,63,True,False,"50306, 17988, 1118","50368, 17853, 1056"
GCL4,64,True,False,"51164, 16794, 1054","51251, 16725, 1114"
GCL4,65,True,False,"51902, 15707, 1181","52176, 15615, 1172"
GCL4,66,True,False,"49358, 19632, 923","49357, 19493, 976"
GCL4,67,True,False,"50978, 17293, 1021","51109, 17299, 1089"
GCL4,68,True,False,"51730, 16134, 1145","51955, 16107, 1149"
GCL4,69,True,False,"50636, 18540, 1039","50691, 18465, 1036"
GCL4,70,True,False,"51027, 18199, 1043","51145, 17978, 1062"
GCL4,71,True,False,"49552, 20182, 1004","49554, 20080, 955"
GCL4,72,True,False,"52408, 16643, 1120","52712, 16441, 1146"
GCL4,73,True,False,"50714, 19500, 1004","50674, 19345, 1000"
GCL4,74,True,False,"51103, 19039, 1006","51216, 18893, 1026"
GCL4,75,True,False,"52244, 17402, 1079","52350, 17318, 1106"
GCL4,76,True,False,"52060, 18272, 1086","52252, 18060, 1074"
GCL4,77,True,False,"52922, 17468, 1112","52728, 17200, 1116"
GCL4,78,True,False,"50905, 20131, 990","50866, 19955, 978"
GCL4,79,True,False,"51663, 18855, 1068","51800, 18524, 1049"
GCL4,80,True,False,"51146, 19735, 1003","51160, 19601, 997"
GCL4,81,True,False,"51502, 19497, 965","51585, 19219, 1018"
