2p-Field,2p-ROI,Index,Nuc Coords,Nuc SupervoxID,Latest NucID,Soma Coords,Soma SupervoxID,Latest SegID,Latest ID Update Date (all rows): 2026-07,Comment,https://spelunker.cave-explorer.org/#!middleauth+https://global.daf-apis.com/nglstate/api/v1/4872853030699008 
GCL0,1,D1,"32653, 23923, 553",76493986151462142,720575940577751704,"32653, 23923, 583",76493986151527146,720575940550529705,,,
GCL0,2,D2,"33159, 22959, 606",76564217456810156,720575940534317101,"33159, 22959, 661",76564217456913467,720575940568652126,,,
GCL0,3,D3,"33787, 21853, 597",76634448762033177,720575940554891618,"33787, 21853, 677",76634448762209118,720575940572885792,,,
GCL0,4,D4,"34131, 21306, 627",76704748786797430,720575940554657378,"34131, 21306, 657",76704748786848125,720575940566222700,,,
GCL0,5,D5,"34753, 20187, 669",76774980092074040,720575940571117757,"34753, 20187, 684",76774980092107247,720575940577371948,,,
GCL0,6,D6,"33757, 22478, 558",76634517481409137,720575940562610790,"33757, 22478, 608",76634517481512698,720575940580144024,,,
GCL0,7,D7,"34769, 21233, 628",76775117530947635,720575940574468310,"34769, 21233, 678",76775117531051246,720575940557403260,,,
GCL0,8,D8,"35359, 20040, 704",76915717580400641,720575940555227789,"35359, 20040, 739",76915717580467493,720575940573675593,,,
GCL0,9,D9,"35922, 19429, 736",76985948885567218,720575940552583180,"35922, 19429, 811",76985948952512041,720575940569897106,,,
GCL0,10,D11,"33441, 23770, 537",76634723639744711,720575940562919113,"33352, 23818, 628",76634723639957401,720575940573641976,,,
GCL0,11,D10,"34155, 21713, 539",76704817506046490,720575940554018442,"34155, 21713, 614",76704817506201306,720575940558108197,,,
GCL0,12,D11,"33441, 23770, 537",76634723639744711,720575940562919113,"33352, 23818, 628",76634723639957401,720575940573641976,,,
GCL0,13,D12,"33940, 23022, 562",76704954945016276,720575940549337669,"33940, 23022, 632",76704954945180446,720575940566710278,,,
GCL0,14,D13,"34529, 22225, 556",76775254969712848,720575940573137160,"34529, 22225, 651",76775254969920198,720575940556928351,,,
GCL0,15,D14,"35300, 20508, 674",76845417555776138,720575940574202309,"35300, 20508, 699",76845417555831788,720575940540499576,,,
GCL0,16,D15,"33229, 24415, 498",76564423548445221,720575940563998594,"33229, 24415, 503",76564423548432739,720575940561733293,,,
GCL0,17,D16,"34268, 22688, 508",76704954878087460,720575940573136904,"34268, 22688, 528",76704954944949134,720575940567491506,,,
GCL0,18,D17,"34793, 21772, 590",76775186250379741,720575940562146387,"34793, 21772, 660",76775186250528773,720575940557310351,,,
GCL0,19,D18,"35387, 21656, 612",76915923738766107,720575940563004369,"35387, 21656, 622",76915923738777456,720575940569889426,,,
GCL0,20,D19,"35439, 20865, 656",76915786299906666,720575940538748672,"35439, 20865, 716",76915786300037842,720575940570385631,,,
GCL0,21,D20,"36037, 20199, 754",76986086324673648,720575940552618508,"36214, 20171, 853",76986086391512677,720575940551713151,,,
GCL0,22,D21,"33645, 24480, 456",76634792292428754,720575940579434707,"33645, 24480, 491",76634792292518876,720575940559774600,,,
GCL0,23,D22,"34910, 23327, 512",76845761085996701,720575940562795366,"34910, 23327, 517",76845761152755985,720575940554657756,,,
GCL0,24,D23,"34980, 22132, 541",76845623713883550,720575940562142291,"34980, 22132, 591",76845623713979047,720575940562511187,,,
GCL0,25,D24,"36215, 20750, 730",76986155044246470,720575940573173949,"36215, 20750, 770",76986155110794379,720575940564818767,,,
GCL0,26,D25,"34120, 24441, 500",76705161036651317,720575940579433683,"34120, 24441, 565",76705161103474937,720575940573275839,,,
GCL0,27,D26,"34333, 23947, 562",76775461128170754,720575940555129442,"34333, 23947, 627",76775461128299801,720575940575146324,,,
GCL0,28,D27,"35613, 22487, 602",76915992458223728,720575940556560257,"35613, 22487, 632",76915992458284099,720575940551521279,,,
GCL0,29,D28,"36139, 21242, 684",76986223763631450,720575940563514313,"36139, 21242, 744",76986223763747311,720575940554873202,,,
GCL0,30,D29,"34034, 24921, 451",76705229756100791,720575940564724866,"34034, 24921, 501",76705229756344519,720575940557379938,,,
GCL0,31,D30,"36884, 20356, 722",77126823812934737,720575940574221509,"36884, 20356, 727",77126823812945283,720575940563567973,,,
GCL0,32,D31,"34613, 24287, 477",76775529780771189,720575940554290846,"34475, 24319, 578",76775529847659751,720575940563564133,,,
GCL0,33,D32,"34560, 24856, 448",76775598500217332,720575940579429741,"34560, 24856, 503",76775598500352611,720575940577637074,,,
GCL0,34,D33,"35152, 24120, 485",76845898524953624,720575940556338354,"35152, 24120, 570",76845898591832142,720575940573677129,,,
GCL0,35,D34,"36613, 22004, 649",77056661227199277,720575940573177797,"36613, 22004, 674",77056661227280911,720575940575201661,,,
GCL0,36,B37,"36716, 21255, 680",77056592507811381,720575940572981949,"36746, 21000, 680",77056592507805046,720575940557921829,,,
GCL0,37,D36,"35347, 23858, 550",76916198616527039,720575940564979397,"35347, 23858, 625",76916198616717876,720575940549685474,,,
GCL0,38,D37,"35782, 23083, 585",76916129897141103,720575940563789513,"35782, 23083, 600",76916129897168109,720575940576424122,,,
GCL0,39,D38,"37333, 20997, 702",77126961252046363,720575940555393530,"37333, 20997, 752",77126961252141572,720575940549771616,,,
GCL0,40,D39,"34836, 25248, 379",76846035963812861,720575940570684617,"34836, 25248, 404",76846035963838583,720575940576092590,,,
GCL0,41,D40,"35126, 24772, 470",76845967244430001,720575940564584600,"35126, 24772, 480",76845967244452023,720575940556772550,,,
GCL0,42,D41,"35762, 23764, 568",76916198616560459,720575940564970437,"35811, 23716, 641",76916198616733046,720575940561027498,,,
GCL0,43,D42,"37175, 21691, 695",77127029971505574,720575940545435331,"37175, 21691, 745",77127029971611904,720575940563265819,,,
GCL0,44,D43,"34833, 25769, 365",76846104683323223,720575940570685897,"34833, 25769, 375",76846104683352803,720575940580260461,,,
GCL0,45,D44,"35827, 24494, 527",76916267335923015,720575940579446227,"35827, 24494, 572",76916267336033372,720575940572187751,,,
GCL0,46,D45,"36710, 23076, 583",77056867385458500,720575940571412669,"36710, 23076, 593",77056867385474244,720575940556751619,,,
GCL0,47,D46,"37002, 22765, 603",77127167410227647,720575940553108090,"37002, 22765, 643",77127167410331011,720575940550011222,,,
GCL0,48,D47,"35393, 25756, 442",76916473427668571,720575940548138586,"35393, 25756, 477",76916473427758569,720575940572551485,,,
GCL0,49,D48,"36425, 23638, 523",77056936104805119,720575940557301283,"36425, 23638, 558",77056936104873991,720575940560415166,,,
GCL0,50,D49,"37843, 21275, 687",77197329996191386,720575940545403331,"37843, 21275, 747",77197329996342276,720575940568909174,,,
GCL0,51,D50,"36276, 24360, 508",76986636013300268,720575940564590232,"36276, 24360, 573",76986636080207508,720575940576369093,,,
GCL0,52,D51,"36829, 23632, 575",77056936104917321,720575940571413949,"36829, 23632, 645",77056936105068603,720575940568177741,,,
GCL0,53,D52,"37507, 22052, 655",77197467435038838,720575940560768001,"37507, 22052, 690",77197467435123407,720575940564567028,,,
GCL0,54,D53,"35736, 26304, 463",76916542147187205,720575940571151305,"35787, 26389, 521",76916542213855531,720575940565165807,,,
GCL0,55,D54,"36261, 24878, 470",76986704732713320,720575940563726978,"36261, 24878, 475",76986704732724343,720575940566665461,,,
GCL0,56,D55,"36747, 24328, 534",77057004824276301,720575940563096545,"36747, 24328, 584",77057004824379446,720575940567726858,,,
GCL0,57,D56,"37717, 22693, 606",77197536154407990,720575940557915777,"37717, 22693, 661",77197536154531376,720575940558584925,,,
GCL0,58,D57,"36268, 25665, 459",76986842171700063,720575940548246106,"36268, 25665, 549",76986842238589627,720575940559558491,,,
GCL0,59,D58,"37479, 23564, 527",77197673593153986,720575940546527830,"37479, 23564, 532",77197673593163012,720575940561029278,,,
GCL0,60,D59,"38359, 22221, 670",77267836179250566,720575940555957662,"38274, 22101, 745",77267836179397948,720575940550422693,,,
GCL0,61,D60,"36641, 25504, 487",77057142196415091,720575940571290512,"36641, 25504, 522",77057142263219521,720575940573026457,,,
GCL0,62,D61,"36912, 24891, 527",77127442287931765,720575940571290000,"36912, 24891, 572",77127442288011897,720575940563342391,,,
GCL0,63,D62,"38245, 22679, 637",77267904898691513,720575940555967902,"38245, 22679, 727",77267904898880083,720575940545899781,,,
GCL0,64,D63,"36649, 26065, 464",77057210915891782,720575940571213200,"36649, 26065, 484",77057210915927171,720575940579586417,,,
GCL0,65,D64,"38075, 23249, 591",77267973618050529,720575940561723730,"38075, 23249, 596",77267973618068893,720575940570215989,,,
GCL0,66,D65,"37754, 24223, 532",77197742312640784,720575940558155214,"37711, 24129, 603",77197742312793938,720575940552838981,,,
GCL0,67,D66,"36364, 27113, 407",77057348354910326,720575940545313494,"36364, 27113, 422",77057348354948467,720575940553717784,,,
GCL0,68,D67,"38079, 23906, 582",77268042337509171,720575940545971139,"38079, 23906, 607",77268042337564629,720575940559801224,,,
GCL0,69,D68,"38652, 22641, 651",77338273642903334,720575940555522718,"38608, 22831, 734",77338273643085892,720575940581510152,,,
GCL0,70,D69,"36994, 26460, 443",77127648379517776,720575940557843212,"36994, 26460, 508",77127648379746826,720575940577074180,,,
GCL0,71,D70,"37756, 25423, 481",77197879684753518,720575940557717614,"37756, 25423, 551",77197879751676755,720575940575066105,,,
GCL0,72,D71,"38751, 23195, 636",77338342362336567,720575940551861895,"38751, 23195, 671",77338342362401955,720575940556190002,,,
GCL0,73,D72,"37454, 26215, 476",77198017123744220,720575940557909102,"37454, 26215, 496",77198017123799897,720575940569590558,,,
GCL0,74,D73,"38615, 23638, 592",77338411081704609,720575940554724245,"38615, 23638, 677",77338411081861741,720575940579938741,,,
GCL0,75,D74,"39334, 22692, 669",77408642387118079,720575940552362011,"39137, 22690, 736",77408642387250053,720575940579934645,,,
GCL0,76,D75,"38328, 24432, 547",77268111056853098,720575940579520723,"38328, 24432, 612",77268111056997614,720575940557832762,,,
GCL0,77,D76,"36956, 27719, 377",77127854538011970,720575940571195280,"36956, 27719, 447",77127854538166537,720575940567588749,,,
GCL0,78,D77,"37263, 27145, 397",77127785818542509,720575940546820962,"37263, 27145, 417",77127785818591828,720575940563289985,,,
GCL0,79,D78,"38727, 24132, 572",77338479801111367,720575940552417307,"38727, 24132, 632",77338479801253361,720575940570397364,,,
GCL0,80,D79,"39024, 23829, 635",77408779825958783,720575940551864711,"39024, 23829, 670",77408779826044312,720575940553489315,,,
GCL0,81,D80,"39655, 23462, 758",77479079850990124,720575940552698858,"39655, 23462, 808",77479079917552465,720575940557514980,,,
GCL0,82,D81,"37959, 26135, 491",77268385867916704,720575940568129302,"37959, 26135, 511",77268385867999737,720575940565208996,,,
GCL0,83,D82,"37808, 26812, 443",77198085843166440,720575940553551833,"37808, 26812, 503",77198085843365280,720575940576356549,,,
GCL0,84,D83,"38572, 25520, 498",77338617173086650,720575940568025878,"38572, 25520, 583",77338617240066410,720575940569052267,,,
GCL0,85,D84,"38777, 24908, 566",77338548520553532,720575940545537608,"38777, 24908, 656",77338548520725346,720575940557835834,,,
GCL0,86,E177,"39118, 24485, 623",77408848545416204,720575940581392083,"39245, 24635, 637",77408917264861043,720575940556421607,,,
GCL0,87,D86,"39546, 23968, 581",77479148570005851,720575940555301525,"39546, 23968, 681",77479148570237513,720575940554885674,,,
GCL0,88,D87,"38471, 26192, 487",77338754612045602,720575940549780957,"38471, 26192, 557",77338754678961138,720575940562015742,,,
GCL1,1,D88,"33871, 16222, 920",76704061659226380,720575940567017021,"33871, 16222, 930",76704061659243293,720575940549479650,,,
GCL1,2,D89,"33905, 15777, 948",76703992939846552,720575940553185617,"33905, 15777, 988",76703992939916551,720575940562488181,,,
GCL1,3,D90,"34436, 15484, 1005",76774361684074088,720575940569147501,"34436, 15484, 1050",76774361750698391,720575940554665948,,,
GCL1,4,D91,"34596, 14944, 1030",76774293031166743,720575940571139451,"34596, 14944, 1075",76774293031292040,720575940566554876,,,
GCL1,5,D92,"35123, 14186, 1087",76844524336573155,720575940570620539,"35123, 14186, 1107",76844524336622471,720575940572873585,,,
GCL1,6,D93,"33254, 17467, 935",76563530329310956,720575940558911421,"33254, 17467, 985",76563530329430433,720575940546061452,,,
GCL1,7,D94,"33717, 17146, 909",76633830353964213,720575940558936765,"33717, 17146, 959",76633830354082784,720575940554305650,,,
GCL1,8,D95,"35357, 15064, 1044",76915030519583740,720575940568788589,"35357, 15064, 1094",76915030519701396,720575940576364485,,,
GCL1,9,D96,"35634, 14614, 1050",76914961800101425,720575940562520657,"35634, 14614, 1100",76914961800244443,720575940583665619,,,
GCL1,10,D97,"34261, 17180, 940",76704199098207003,720575940555439536,"34261, 17180, 990",76704199098318815,720575940545926661,,,
GCL1,11,D98,"35820, 14232, 1079",76914893080726025,720575940569162349,"35820, 14232, 1139",76914893080842803,720575940555727938,,,
GCL1,12,D99,"36472, 13688, 1103",77055561849632694,720575940562664785,"36472, 13688, 1168",77055561849782229,720575940555804392,,,
GCL1,13,D100,"34802, 16613, 933",76774499122865551,720575940558168373,"34802, 16613, 993",76774499122987751,720575940563261211,,,
GCL1,14,D101,"36210, 13846, 971",76985261757877308,720575940573823097,"36210, 13846, 1026",76985261824675266,720575940562681623,,,
GCL1,15,D102,"33904, 17989, 865",76704336536999752,720575940555457712,"33904, 17989, 910",76704336537114985,720575940583667923,,,
GCL1,16,D103,"35107, 16200, 987",76844799147674136,720575940558213685,"35107, 16200, 1072",76844799214383050,720575940562127543,,,
GCL1,17,D104,"34348, 17772, 884",76774636561728784,720575940539933604,"34348, 17772, 899",76774636561756592,720575940580297837,,,
GCL1,18,D105,"34822, 17179, 882",76844936586392374,720575940560843603,"34822, 17179, 917",76844936586454857,720575940563324909,,,
GCL1,19,D106,"35530, 16006, 960",76915167891854009,720575940573585529,"35572, 16002, 1025",76915167958436410,720575940562218123,,,
GCL1,20,D107,"35862, 15248, 990",76985399197051328,720575940570979195,"35862, 15248, 1105",76985399263898233,720575940572328807,,,
GCL1,21,D108,"36503, 14881, 920",77055767941071643,720575940562660177,"36503, 14881, 940",77055767941106784,720575940562911131,,,
GCL1,22,D114,"33861, 18451, 823",76704405256367686,720575940573659400,"33861, 18451, 923",76704405256558392,720575940579597689,,,
GCL1,23,D110,"37099, 13789, 1115",77125930593870717,720575940542772288,"37099, 13789, 1215",77125930594070831,720575940568024948,,,
GCL1,24,D111,"35941, 15857, 982",76985467916604748,720575940573582457,"35941, 15857, 1022",76985467916752053,720575940571017777,,,
GCL1,25,D112,"35127, 16982, 769",76844936586070030,720575940543485509,"35127, 16982, 829",76844936586276551,720575940553317158,,,
GCL1,26,D113,"37002, 14487, 1034",77126068032614315,720575940559857389,"37002, 14487, 1134",77126068032851488,720575940563261723,,,
GCL1,27,D109,"34312, 18423, 848",76774705281146568,720575940561222246,"34235, 18428, 930",76704336537165108,720575940560967915,,,
GCL1,28,D115,"35034, 17712, 785",76845005305644364,720575940540557130,"35034, 17712, 880",76845005305827752,720575940559132107,,,
GCL1,29,D116,"35354, 17492, 793",76915374049855110,720575940560615961,"35354, 17492, 803",76915374049857447,720575940550156327,,,
GCL1,30,D117,"35782, 16760, 951",76915236611239357,720575940561053779,"35782, 16760, 1016",76915236611472296,720575940568366623,,,
GCL1,31,D118,"36498, 15710, 903",77055836660602365,720575940569375869,"36498, 15710, 928",77055836660655486,720575940563342832,,,
GCL1,32,D119,"37362, 14395, 1104",77126068032790364,720575940549199434,"37362, 14395, 1124",77126068032839570,720575940570562015,,,
GCL1,33,D120,"36954, 15352, 1027",77126136752040412,720575940560403181,"36954, 15352, 1087",77126136752216927,720575940566521306,,,
GCL1,34,D121,"35274, 18413, 804",76845074025174200,720575940572513948,"35274, 18413, 809",76845074025192551,720575940569766977,,,
GCL1,35,D122,"36323, 16443, 952",76985605355453416,720575940576220214,"36323, 16443, 1012",76985605355597950,720575940565270889,,,
GCL1,36,D123,"35763, 18077, 786",76915442769321670,720575940560715545,"35763, 18077, 836",76915442769455148,720575940563264283,,,
GCL1,37,D124,"36241, 17698, 828",76985742794134194,720575940555082820,"36241, 17698, 883",76985742794256425,720575940563934631,,,
GCL1,38,D125,"36261, 17008, 882",76985674074775960,720575940541102785,"36261, 17008, 972",76985674074973895,720575940563267355,,,
GCL1,39,D126,"36901, 16226, 1001",77126274124462104,720575940561556285,"36901, 16226, 1051",77126274191046278,720575940555994474,,,
GCL1,40,D127,"35260, 19062, 821",76845211464202274,720575940537107413,"35260, 19062, 881",76845211464315251,720575940578433226,,,
GCL1,41,D128,"37628, 16160, 1018",77196642868614830,720575940559606591,"37628, 16160, 1023",77196642868692052,720575940570007739,,,
GCL1,42,E2534,"38096, 15181, 1016",77266874173835678,720575940572009658,"38096, 15181, 1036",77266874240425536,720575940563667558,,,
GCL1,43,D130,"36880, 17227, 988",77126411563377106,720575940554151290,"36880, 17227, 1028",77126411629985928,720575940573652984,,,
GCL1,44,D131,"37747, 15701, 1011",77196574149227130,720575940572081082,"37747, 15701, 1036",77196574215740172,720575940565248944,,,
GCL1,45,D132,"35866, 18756, 830",76985880233114033,720575940572805896,"36102, 19050, 853",76985948952598146,720575940556543559,,,
GCL1,46,D9,"35922, 19429, 736",76985948885567218,720575940552583180,"35922, 19429, 811",76985948952512041,720575940569897106,,,
GCL1,47,D133,"36789, 18021, 891",77056180257919530,720575940574185157,"36789, 18021, 951",77056180258057003,720575940558682534,,,
GCL1,48,D134,"36727, 18662, 838",77056248977300484,720575940572045509,"36697, 18602, 904",77056248977445131,720575940558094727,,,
GCL1,49,D135,"36550, 19072, 820",77056317696716026,720575940546942120,"36550, 19072, 890",77056317696855837,720575940563145273,,,
GCL1,50,D136,"38316, 16227, 920",77267011612647078,720575940557939765,"38186, 16411, 966",77267080332264164,720575940557375192,,,
GCL1,51,D20,"36037, 20199, 754",76986086324673648,720575940552618508,"36214, 20171, 853",76986086391512677,720575940551713151,,,
GCL1,52,D137,"36405, 19708, 793",77056386416136148,720575940552630325,"36405, 19708, 833",77056386416193584,720575940558966929,,,
GCL1,53,D138,"37351, 18281, 901",77126549002137240,720575940557791105,"37351, 18281, 966",77126549002278247,720575940581351879,,,
GCL1,54,D139,"37876, 17945, 917",77196917746342686,720575940553319938,"37876, 17945, 1002",77196917746517064,720575940563475025,,,
GCL1,55,D140,"36999, 19057, 832",77126686440928272,720575940574208197,"36999, 19057, 882",77126686441031842,720575940572543549,,,
GCL1,56,D141,"37410, 18675, 869",77196986465716290,720575940549202881,"37410, 18675, 939",77196986465867769,720575940557233636,,,
GCL1,57,D142,"38345, 16940, 951",77267149051698408,720575940549083585,"38345, 16940, 961",77267149051732661,720575940559131851,,,
GCL1,58,D143,"39187, 15712, 869",77407680381291980,720575940572013242,"39187, 15712, 884",77407680381343798,720575940565059663,,,
GCL1,59,D144,"38302, 17604, 930",77267217771085702,720575940547320922,"38208, 17542, 941",77267217771113254,720575940547940040,,,
GCL1,60,D145,"38885, 16841, 1003",77337449076515299,720575940549247681,"38885, 16841, 1038",77337449143074270,720575940568046196,,,
GCL1,61,D30,"36884, 20356, 722",77126823812934737,720575940574221509,"36884, 20356, 727",77126823812945283,720575940563567973,,,
GCL1,62,D146,"37336, 19530, 802",77126755160324034,720575940553799682,"37336, 19530, 867",77126755160436520,720575940576401338,,,
GCL1,63,D147,"37381, 19129, 842",77197055185102045,720575940541085222,"37381, 19129, 907",77197055185246638,720575940587235069,,,
GCL1,64,D148,"37854, 18705, 820",77196986465598696,720575940554823070,"37854, 18705, 910",77196986465786419,720575940551647474,,,
GCL1,65,D149,"37279, 19946, 783",77126755160256080,720575940549824267,"37217, 19954, 782",77126755160286612,720575940559529819,,,
GCL1,66,D150,"38479, 18250, 898",77337655234691256,720575940555235230,"38479, 18250, 963",77337655234838734,720575940576103342,,,
GCL1,67,D151,"38905, 17381, 938",77337517795819372,720575940554854302,"38905, 17381, 973",77337517795900566,720575940567502770,,,
GCL1,68,D152,"37904, 19266, 765",77267423862305750,720575940553778946,"37904, 19266, 795",77267423929218636,720575940563679590,,,
GCL1,69,D153,"38924, 17758, 890",77407955259352164,720575940549419201,"38924, 17758, 920",77407955259425792,720575940549776224,,,
GCL1,70,D154,"37434, 20426, 771",77197192623890624,720575940574320317,"37434, 20426, 866",77197192624121395,720575940562796239,,,
GCL1,71,D155,"39350, 17255, 991",77407886540121370,720575940551561607,"39350, 17255, 1016",77407886540233681,720575940582250542,,,
GCL1,72,D38,"37333, 20997, 702",77126961252046363,720575940555393530,"37333, 20997, 752",77126961252141572,720575940549771616,,,
GCL1,73,D156,"37878, 19957, 758",77197123837643206,720575940563198175,"37878, 19957, 793",77197123904482777,720575940547915976,,,
GCL1,74,D157,"38038, 20745, 728",77267630020776247,720575940572225477,"38038, 20745, 733",77267630020808527,720575940572199271,,,
GCL1,75,D158,"38740, 19331, 842",77337792673527843,720575940552342151,"38740, 19331, 862",77337792673570391,720575940569689625,,,
GCL1,76,D159,"39487, 18171, 905",77478392723032053,720575940556588668,"39487, 18171, 1005",77478392723224969,720575940575075577,,,
GCL1,77,D160,"39155, 18753, 850",77408092698243585,720575940552340871,"39155, 18753, 875",77408092698290731,720575940554914498,,,
GCL1,78,D49,"37843, 21275, 687",77197329996191386,720575940545403331,"37843, 21275, 747",77197329996342276,720575940568909174,,,
GCL2,1,D161,"26172, 29697, 316",75650385787979325,720575940557456528,"26172, 29697, 356",75650385788059929,720575940547919816,,,
GCL2,2,D162,"26292, 29061, 309",75650248348998588,720575940561931950,"26292, 29061, 379",75650248349145015,720575940570051865,,,
GCL2,3,D163,"28045, 26042, 368",75860942264841880,720575940536902213,"28143, 26013, 374",75860942264854022,720575940566059639,,,
GCL2,4,D164,"28328, 25477, 370",75931242289548197,720575940555123782,"28328, 25477, 385",75931242289589208,720575940569716249,,,
GCL2,5,D165,"28690, 25078, 429",76001542314401808,720575940552304202,"28690, 25078, 484",76001542314526281,720575940576381125,,,
GCL2,6,D166,"27902, 27099, 311",75861079703630972,720575940548734326,"27902, 27099, 406",75861079703837437,720575940560778832,,,
GCL2,7,D167,"26785, 29732, 302",75720754532133026,720575940549002197,"26785, 29732, 362",75720754532271201,720575940563275547,,,
GCL2,8,E141,"28730, 27160, 259",76001885911302961,720575940559161547,"28654, 26971, 382",75931448447948346,720575940558177239,,,
GCL2,9,D169,"28633, 26002, 276",75931311008786752,720575940552302922,"28633, 26002, 326",75931311008914335,720575940579256464,,,
GCL2,10,D170,"27962, 27879, 292",75861217142540878,720575940551984936,"27962, 27879, 317",75861217142594667,720575940564229277,,,
GCL2,11,D171,"29217, 25986, 362",76072048497379550,720575940558009457,"29217, 25986, 402",76072048497452841,720575940564618653,,,
GCL2,12,D172,"29536, 25409, 420",76071979778032273,720575940550424971,"29536, 25409, 435",76071979778073557,720575940567507378,,,
GCL2,13,D173,"26726, 30379, 303",75720823251585302,720575940561930158,"26726, 30379, 363",75720823251694998,720575940559393157,,,
GCL2,14,H843,"27480, 28576, 341",75790917117978961,720575940554690648,"27732, 28680, 374",75861354581684115,720575940553403093,,,
GCL2,15,D174,"27470, 29591, 315",75791054556886079,720575940545340764,"27470, 29591, 380",75791054557019930,720575940576966047,,,
GCL2,16,,,,,,,,,Overlay of 2 cells: ROIs 14 and 20,
GCL2,17,D176,"28484, 27897, 261",75931585886623019,720575940577732240,"28484, 27897, 286",75931585886692707,720575940554640102,,,
GCL2,18,D177,"27376, 30263, 309",75791191995783620,720575940545753692,"27376, 30263, 324",75791191995813336,720575940580299373,,,
GCL2,19,D178,"28531, 28554, 234",75931654539194868,720575940573975444,"28531, 28554, 284",75931654606167212,720575940565385363,,,
GCL2,20,D179,"28192, 29070, 289",75931723325658667,720575940577354384,"28192, 29070, 299",75931723325688022,720575940550605504,,,
GCL2,21,D180,"29580, 26798, 345",76072185936264309,720575940541618013,"29580, 26798, 360",76072185936318286,720575940545166421,,,
GCL2,22,D181,"30017, 26016, 341",76142417241495174,720575940538801471,"30017, 26016, 351",76142417241509399,720575940554850790,,,
GCL2,23,D182,"28141, 29674, 296",75861423301032020,720575940558194576,"28231, 29670, 312",75931792045189820,720575940561194713,,,
GCL2,24,D183,"27834, 30508, 212",75861560672911293,720575940554121124,"27834, 30508, 277",75861560739910412,720575940575091193,,,
GCL2,25,D184,"28963, 28188, 293",76002023350399814,720575940574970747,"28963, 28188, 308",76002023350410732,720575940552793669,,,
GCL2,26,D185,"29400, 27359, 333",76072254655714774,720575940550850955,"29400, 27359, 373",76072254655798737,720575940562520403,,,
GCL2,27,D186,"28764, 29032, 261",76002092069747321,720575940555560280,"28764, 29032, 286",76002092069810077,720575940567606157,,,
GCL2,28,D187,"29462, 27918, 257",76072323374923821,720575940551031435,"29462, 27918, 287",76072323375036094,720575940567182923,,,
GCL2,29,D188,"30160, 26932, 349",76142554680452316,720575940541408349,"30160, 26932, 399",76142554680573140,720575940555716474,,,
GCL2,30,D189,"29046, 29891, 224",76002229441825461,720575940538752902,"29046, 29891, 234",76002229441839134,720575940563239999,,,
GCL2,31,D190,"29288, 28660, 202",76072392027484234,720575940576233020,"29288, 28660, 272",76072392094519913,720575940553426083,,,
GCL2,32,D191,"30298, 27668, 328",76213060863557046,720575940557999301,"30298, 27668, 353",76213060863605625,720575940587444884,,,
GCL2,33,D192,"30747, 26710, 346",76283292168794142,720575940549727743,"30747, 26710, 361",76283292168827534,720575940551346248,,,
GCL2,34,D193,"28134, 31563, 308",75861698178908315,720575940556053049,"28134, 31563, 318",75861698178925926,720575940581355463,,,
GCL2,35,D194,"29359, 29195, 252",76072529466603793,720575940559738416,"29359, 29195, 292",76072529533519565,720575940577707986,,,
GCL2,36,,,,,,,,,Overlay of 2 cells: ROIs 35 and 31,
GCL2,37,D195,"28902, 30611, 283",76002298228252174,720575940559439597,"28902, 30611, 358",76002298228431241,720575940570227253,,,
GCL2,38,D196,"30882, 27664, 310",76283429607646551,720575940562768302,"30882, 27664, 385",76283429607819648,720575940556765443,,,
GCL2,39,D197,"30506, 28304, 332",76213129583042906,720575940554784420,"30506, 28304, 387",76213129583166610,720575940556152626,,,
GCL2,40,D198,"31292, 26705, 330",76353660912974409,720575940559129837,"31292, 26705, 340",76353660912987541,720575940570207675,,,
GCL2,41,D199,"28745, 31752, 351",76002504386909863,720575940575963796,"28745, 31752, 411",76002504387035641,720575940556726774,,,
GCL2,42,D200,"29775, 30041, 263",76142966997111044,720575940538396806,"29775, 30041, 288",76142966997162923,720575940558092679,,,
GCL2,43,D201,"30101, 29368, 277",76142898277634837,720575940544297990,"30101, 29368, 327",76142898277735089,720575940553314903,,,
GCL2,44,D202,"29307, 30545, 313",76072666972511964,720575940563797934,"29307, 30545, 353",76072666972601328,720575940568824516,,,
GCL2,45,D203,"31275, 27698, 343",76353798351924478,720575940559158981,"31462, 27930, 316",76353798351870196,720575940567190859,,,
GCL2,46,D204,"31711, 27054, 333",76353660912992258,720575940559364805,"31711, 27054, 353",76353660913025993,720575940572139111,,,
GCL2,47,D205,"29844, 30713, 277",76143035716595727,720575940549821695,"29844, 30713, 312",76143035716672677,720575940546162316,,,
GCL2,48,D206,"30505, 29692, 342",76213267022007492,720575940563803054,"30505, 29692, 402",76213267022134304,720575940567191371,,,
GCL2,49,D207,"31119, 28496, 315",76283498327173805,720575940576029076,"31119, 28496, 340",76283498327234830,720575940549858018,,,
GCL2,50,D208,"31759, 27601, 287",76424098376518337,720575940550323554,"31759, 27601, 352",76424098376654440,720575940573948720,,,
GCL2,51,D209,"31257, 28855, 393",76353935791001649,720575940557256280,"31257, 28855, 483",76353935791190622,720575940554933698,,,
GCL2,52,D210,"29715, 31614, 306",76143173155639560,720575940545978871,"29715, 31614, 391",76143173155800083,720575940563169849,,,
GCL2,53,D211,"32245, 27199, 369",76424098376685101,720575940540113546,"32367, 27107, 407",76494398401469968,720575940585113878,,,
GCL2,54,D212,"30469, 30639, 228",76213404393873459,720575940559427565,"30469, 30639, 328",76213404460871517,720575940553314647,,,
GCL2,55,,"31086, 29439, 296",,720575940555724611,"30980, 29404, 296",,720575940566494116,,,
GCL2,56,D214,"31938, 28207, 335",76424235815553104,720575940549660002,"31938, 28207, 390",76424235815662519,720575940563222335,,,
GCL2,57,D215,"31756, 28755, 332",76424304535014962,720575940575963708,"31785, 28842, 351",76424304535056192,720575940554919918,,,
GCL2,58,D216,"30403, 31201, 331",76213473180362171,720575940541211050,"30469, 30900, 325",76213473180363602,720575940563226175,,,
GCL2,59,D217,"31746, 29698, 364",76424441974063250,720575940547780594,"31746, 29698, 424",76424441974190336,720575940558670229,,,
GCL2,60,D218,"31348, 30327, 312",76354141949229224,720575940549571145,"31348, 30327, 317",76354141949244114,720575940567617391,,,
GCL2,61,D219,"30531, 32200, 318",76213610619339469,720575940549841109,"30531, 32200, 363",76213610619436834,720575940566730337,,,
GCL2,62,D220,"30809, 32035, 216",76283979296501553,720575940562274734,"30809, 32035, 256",76283979296608410,720575940557469707,,,
GCL2,63,D221,"31081, 31108, 213",76283841857516633,720575940549833429,"31081, 31108, 228",76283841857541431,720575940574004438,,,
GCL2,64,D222,"33051, 28528, 286",76564973303777991,720575940555336314,"33051, 28528, 361",76564973303928548,720575940545311219,,,
GCL2,65,D223,"32745, 29057, 372",76494673279305867,720575940550937181,"32745, 29057, 417",76494673279416314,720575940562142603,,,
GCL2,66,D224,"33082, 29184, 283",76565110742738594,720575940555519675,"33031, 29116, 290",76565042023270967,720575940569759753,,,
GCL3,1,D225,"39878, 36479, 566",77480866556933452,720575940548516489,"39878, 36479, 571",77480866556922610,720575940566067617,,,
GCL3,2,D226,"40764, 35144, 483",77621397819868381,720575940550779031,"40764, 35144, 493",77621397819889670,720575940553070349,,,
GCL3,3,D227,"41229, 34469, 465",77691697844550035,720575940572665759,"41229, 34469, 470",77691697844544672,720575940564360157,,,
GCL3,4,D228,"41789, 33955, 473",77761997869203134,720575940556807247,"41789, 33955, 518",77761997936035894,720575940555217635,,,
GCL3,5,D229,"40138, 36924, 484",77551303953604077,720575940580656190,"40138, 36924, 564",77551304020514351,720575940546069900,,,
GCL3,6,D230,"40294, 36532, 419",77551235233993462,720575940558378888,"40294, 36532, 454",77551235234073851,720575940559347036,,,
GCL3,7,D231,"39971, 37331, 535",77551304020454159,720575940568487793,"39971, 37331, 580",77551304020584702,720575940568507726,,,
GCL3,8,D232,"41283, 35334, 499",77691835283590235,720575940562377319,"41283, 35334, 569",77691835350497224,720575940565684702,,,
GCL3,9,D233,"41053, 35835, 411",77691835283370845,720575940574552735,"41053, 35835, 476",77691835283536993,720575940546090892,,,
GCL3,10,D234,"40110, 37960, 506",77551441392634981,720575940558367152,"40110, 37960, 536",77551441459447118,720575940551457707,,,
GCL3,11,D235,"40320, 37447, 402",77551372672903095,720575940552969720,"40352, 37365, 402",77551303953428729,720575940555117956,,,
GCL3,12,D236,"42020, 34847, 449",77832504052297595,720575940553409587,"42020, 34847, 484",77832504052378490,720575940570955212,,,
GCL3,13,D237,"42468, 33869, 523",77832366680298797,720575940556938831,"42468, 33869, 593",77832366680439092,720575940568381112,,,
GCL3,14,D238,"41448, 35857, 497",77691904003040034,720575940560066459,"41448, 35857, 557",77691904069954629,720575940568358328,,,
GCL3,15,D239,"41315, 36648, 441",77691972722369083,720575940556055511,"41315, 36648, 471",77691972722430022,720575940578014418,,,
GCL3,16,D240,"42633, 34590, 491",77902804077056122,720575940560376282,"42633, 34590, 501",77902804077073884,720575940563133659,,,
GCL3,17,D241,"40866, 37490, 488",77621741417272387,720575940550888343,"40866, 37490, 553",77621741484142211,720575940556935775,,,
GCL3,18,D242,"41904, 35455, 463",77762204027626950,720575940560258459,"41904, 35455, 508",77762204027754682,720575940570484396,,,
GCL3,19,D243,"40366, 38533, 416",77551510111876514,720575940541300675,"40366, 38533, 426",77551510111900237,720575940552509786,,,
GCL3,20,D244,"41155, 37097, 488",77692041441960856,720575940567903497,"41126, 36949, 473",77692041441921449,720575940556288487,,,
GCL3,21,D245,"40839, 37974, 503",77621810136803980,720575940550886807,"40839, 37974, 528",77621810203593657,720575940556553543,,,
GCL3,22,D246,"41961, 36489, 472",77762341466610345,720575940560471823,"41961, 36489, 502",77762341466666577,720575940571326484,,,
GCL3,23,D247,"42629, 35374, 488",77902941516012791,720575940560528911,"42629, 35374, 538",77902941582922296,720575940545320691,,,
GCL3,24,D248,"41013, 38376, 457",77692178880840514,720575940550861719,"41013, 38376, 482",77692178880884395,720575940576455098,,,
GCL3,25,D249,"41506, 37661, 463",77762478905572561,720575940551878109,"41534, 37440, 476",77762478905586315,720575940569068651,,,
GCL3,26,D250,"42539, 36283, 480",77903010235465112,720575940560514319,"42539, 36283, 485",77903010235471983,720575940554826538,,,
GCL3,27,D251,"42044, 37482, 494",77832847649794546,720575940540215686,"42044, 37482, 534",77832847716670536,720575940559162723,,,
GCL3,28,D252,"43292, 35146, 458",77973241540595880,720575940546185672,"43472, 35221, 429",77973241540534030,720575940561224094,,,
GCL3,29,D253,"41384, 38952, 443",77692316319751675,720575940555812497,"41384, 38952, 468",77692316319800752,720575940562516341,,,
GCL3,30,D254,"42440, 36858, 486",77832710210799305,720575940569769505,"42440, 36858, 511",77832710210929248,720575940554749466,,,
GCL3,31,D255,"42946, 35891, 471",77903010235446049,720575940555220113,"42946, 35891, 501",77903010235528247,720575940574010582,,,
GCL3,32,D256,"41928, 38259, 485",77762547625069244,720575940540201350,"41928, 38259, 555",77762547691976653,720575940547926472,,,
GCL3,33,D257,"43409, 35864, 476",77973378979597169,720575940546191816,"43430, 35926, 478",77973378979599572,720575940567864205,,,
GCL3,34,D258,"42986, 36495, 520",77903079021842121,720575940560745178,"42986, 36495, 595",77903079022023670,720575940549420770,,,
GCL3,35,D259,"43948, 35139, 548",78043610351812288,720575940546415816,"43948, 35139, 598",78043610351919059,720575940559008563,,,
GCL3,36,D260,"43650, 35583, 501",78043679004335426,720575940549707610,"43650, 35583, 571",78043679071344730,720575940564362717,,,
GCL3,37,D261,"42899, 37188, 507",77903147674465274,720575940569767457,"42899, 37188, 512",77903147674520224,720575940579988825,,,
GCL3,38,D262,"41993, 38939, 514",77833053874946076,720575940562905165,"41993, 38939, 544",77833053875095634,720575940584909590,,,
GCL3,39,D263,"43261, 36782, 502",77973447699113761,720575940557560738,"43261, 36782, 587",77973447766158443,720575940555711298,,,
GCL3,40,D264,"42108, 39510, 503",77833122527700826,720575940570115606,"42108, 39510, 558",77833122594619740,720575940560643534,,,
GCL3,41,D265,"42987, 37753, 513",77903216460726545,720575940554560563,"42987, 37753, 578",77903216460903358,720575940564787556,,,
GCL3,42,D266,"43870, 36306, 528",78043747790709500,720575940546608072,"43870, 36306, 553",78043747790752161,720575940556779011,,,
GCL3,43,D267,"43709, 36779, 530",78043816510207835,720575940556474327,"43709, 36779, 565",78043816510296891,720575940567263670,,,
GCL3,44,D268,"42497, 39177, 467",77903422552286119,720575940555652497,"42497, 39177, 497",77903422552371693,720575940567518130,,,
GCL3,45,D269,"44183, 35907, 566",78114116535030269,720575940562304852,"44183, 35907, 616",78114116535155390,720575940563685101,,,
GCL3,46,,"42952, 38536, 581",,720575940555111475,"43194, 38402, 581",,720575940557467881,,,
GCL3,47,D270,"44153, 36925, 492",78114253906913163,720575940554913790,"44153, 36925, 577",78114253973978353,720575940575044692,,,
GCL3,48,D271,"44487, 36537, 566",78114185254489369,720575940549819482,"44487, 36537, 621",78114185254603343,720575940567532466,,,
GCL3,49,D272,"42867, 39674, 471",77903491271790884,720575940548994072,"42867, 39674, 521",77903491338727209,720575940557925925,,,
GCL3,50,D273,"44095, 37374, 517",78114253973792679,720575940552344291,"44095, 37374, 552",78114253973925606,720575940553331287,,,
GCL3,51,D274,"44027, 37908, 479",78044022601641402,720575940552349667,"44027, 37908, 494",78044022601674194,720575940565437186,,,
GCL3,52,D275,"45282, 35996, 561",78254854023339175,720575940567697697,"45282, 35996, 661",78254854023569743,720575940559143627,,,
GCL3,53,D276,"43500, 39178, 502",77973791296536256,720575940563322189,"43500, 39178, 507",77973791296567900,720575940559424389,,,
GCL3,54,D277,"44604, 37329, 568",78184622718154414,720575940560823636,"44604, 37329, 623",78184622718268514,720575940569910418,,,
GCL3,55,D278,"43184, 40192, 468",77973928735421372,720575940551372098,"43184, 40192, 483",77973928735459145,720575940567526834,,,
GCL3,56,D279,"44033, 38635, 531",78114460132296544,720575940551675202,"44033, 38635, 541",78114460132318824,720575940569075574,,,
GCL3,57,D280,"43503, 39811, 480",77973860015965019,720575940561701193,"43503, 39811, 510",77973860016073275,720575940557844538,,,
GCL3,58,D281,"44649, 37955, 556",78184760157083902,720575940561952585,"44649, 37955, 621",78184760157220098,720575940552821005,,,
GCL3,59,D282,"45464, 36867, 552",78254991462273754,720575940566577694,"45464, 36867, 577",78254991462335614,720575940551180203,,,
GCL3,60,D283,"43458, 41133, 425",77974066174284630,720575940568637961,"43458, 41133, 445",77974066174326292,720575940570574881,,,
GCL3,61,D284,"43694, 40614, 457",78044366199032336,720575940551771543,"43694, 40614, 477",78044366199072348,720575940563119656,,,
GCL3,62,D285,"44075, 39875, 545",78114597571328154,720575940568770345,"44075, 39875, 580",78114597571389408,720575940546105228,,,
GCL3,63,D286,"46285, 36395, 502",78395660164115609,720575940568124607,"46077, 36135, 492",78325222700426561,720575940577092100,,,
GCL3,64,D287,"45936, 36745, 542",78325291486940886,720575940556059646,"45936, 36745, 597",78325291487049299,720575940563115560,,,
GCL3,65,D288,"44035, 41084, 456",78114803662695705,720575940551784087,"44035, 41084, 461",78114803662703935,720575940555723642,,,
GCL3,66,D289,"45892, 37725, 520",78325428925860413,720575940554714534,"45892, 37725, 570",78325428925960539,720575940556072754,,,
GCL3,67,D290,"46161, 37132, 538",78395728950605554,720575940554713254,"46161, 37132, 613",78395728950758347,720575940561051306,,,
GCL4,1,D291,"46372, 16403, 1111",78392980305907014,720575940557918517,"46372, 16403, 1171",78392980306018913,720575940559596123,,,
GCL4,2,D292,"46881, 15305, 1061",78463142891528250,720575940553993901,"46881, 15305, 1121",78463142891676024,720575940565692382,,,
GCL4,3,D293,"46893, 16081, 1080",78463280330548704,720575940556558833,"46893, 16081, 1085",78463280330553715,720575940572858144,,,
GCL4,4,D294,"47660, 14573, 1116",78603811660574594,720575940554089645,"47676, 14733, 1177",78603811660704146,720575940573708617,,,
GCL4,5,D295,"48155, 14042, 1187",78674111685432003,720575940554091181,"48155, 14042, 1267",78674111685628156,720575940553072535,,,
GCL4,6,D296,"48405, 13626, 1223",78674042965903325,720575940569291582,"48405, 13626, 1233",78674042965917831,720575940573291199,,,
GCL4,7,D297,"48363, 13146, 1183",78673974246234048,720575940559726921,"48539, 13113, 1178",78673974246239081,720575940566641653,,,
GCL4,8,D298,"47379, 15230, 1072",78533511635746473,720575940556811997,"47379, 15230, 1097",78533511635810891,720575940572857888,,,
GCL4,9,D299,"47658, 14983, 1075",78603880379927586,720575940553775789,"47658, 14983, 1090",78603880379973572,720575940559745052,,,
GCL4,10,D300,"48200, 14577, 1101",78674180404717587,720575940564565598,"48200, 14577, 1116",78674180404756534,720575940570589739,,,
GCL4,11,D301,"46531, 17546, 1014",78393117677919935,720575940572259271,"46531, 17546, 1029",78393117744574640,720575940570960588,,,
GCL4,12,D302,"47623, 15729, 1074",78603949099410108,720575940556810717,"47623, 15729, 1119",78603949099500168,720575940567276470,,,
GCL4,13,D303,"46921, 17020, 1034",78463417769381263,720575940572054983,"46921, 17020, 1099",78463417769527072,720575940570271455,,,
GCL4,14,D304,"49020, 13774, 1264",78744411710226514,720575940558022965,"49020, 13774, 1299",78744411776865887,720575940556522701,,,
GCL4,15,D305,"49529, 13172, 1240",78814711734723492,720575940552103436,"49529, 13172, 1290",78814711801565670,720575940557118562,,,
GCL4,16,D306,"48803, 14433, 1207",78744549149126132,720575940554094253,"48803, 14433, 1247",78744549149200098,720575940551642610,,,
GCL4,17,D307,"48321, 15238, 1088",78674249124134153,720575940556813277,"48321, 15238, 1113",78674249124190156,720575940570413236,,,
GCL4,18,D308,"48203, 15872, 1063",78674386563077102,720575940564635998,"48316, 15911, 1061",78674386563022597,720575940560379070,,,
GCL4,19,D309,"48028, 16300, 1039",78604017818764360,720575940566853181,"48028, 16300, 1089",78604017818881887,720575940557118818,,,
GCL4,20,D310,"48854, 15267, 1168",78744617868517460,720575940564780605,"48854, 15267, 1183",78744617868542627,720575940577372716,,,
GCL4,21,D311,"47054, 18313, 984",78463555141496647,720575940548039242,"47054, 18313, 1009",78463555141556637,720575940564912238,,,
GCL4,22,D312,"47395, 17422, 1025",78533855232919036,720575940572267719,"47395, 17422, 1030",78533855232999304,720575940556777475,,,
GCL4,23,D313,"48457, 15728, 1071",78674317843565586,720575940564489822,"48457, 15728, 1141",78674317843737030,720575940567200587,,,
GCL4,24,D314,"49721, 14105, 1200",78885217917980006,720575940567724063,"49721, 14105, 1245",78885217918096035,720575940570962380,,,
GCL4,25,D315,"47830, 17016, 1060",78604155257803501,720575940548770122,"47830, 17016, 1150",78604155257987758,720575940549239867,,,
GCL4,26,D316,"47422, 17957, 976",78533923885646261,720575940572434631,"47422, 17957, 986",78533923885665590,720575940575119609,,,
GCL4,27,D317,"49563, 14505, 1181",78814917893250695,720575940567723807,"49563, 14505, 1266",78814917893424112,720575940554855132,,,
GCL4,28,D318,"48695, 16254, 1114",78744755307369962,720575940564660797,"48695, 16254, 1159",78744755307460007,720575940578442442,,,
GCL4,29,D319,"48542, 16671, 1122",78674455282634293,720575940531612083,"48542, 16671, 1187",78674455282774694,720575940566539482,,,
GCL4,30,A43,"50398, 13931, 1258",78955586662247936,720575940554861467,"50072, 13937, 1264",78885217918139854,720575940557124706,,,
GCL4,31,D321,"48381, 17093, 1118",78674524002130283,720575940548990794,"48381, 17093, 1153",78674524002219477,720575940579488144,,,
GCL4,32,D322,"49041, 15905, 1117",78744755307364673,720575940564660541,"49041, 15905, 1147",78744755307425398,720575940558596397,,,
GCL4,33,D323,"48177, 17714, 1036",78674592721409616,720575940572438215,"48177, 17714, 1056",78674592721461004,720575940570965964,,,
GCL4,34,D324,"47949, 18121, 977",78604292629803298,720575940548731722,"47949, 18121, 1012",78604292629853967,720575940568782504,,,
GCL4,35,D325,"50304, 14568, 1209",78955655381667727,720575940555686293,"50304, 14568, 1294",78955655448372305,720575940570235701,,,
GCL4,36,D326,"49851, 15287, 1137",78885355356804049,720575940561358367,"49851, 15287, 1192",78885355356935828,720575940551541759,,,
GCL4,37,D327,"48059, 18784, 974",78604361349316251,720575940549086282,"48059, 18784, 1009",78604361349374099,720575940579233680,,,
GCL4,38,D328,"49445, 16452, 1150",78815192771090945,720575940574681654,"49445, 16452, 1210",78815192771247319,720575940554928322,,,
GCL4,39,D329,"51073, 14350, 1201",79026024125834805,720575940555689621,"51073, 14350, 1216",79026024125877398,720575940557521752,,,
GCL4,40,D330,"49002, 17725, 1050",78744961465581123,720575940566686078,"49002, 17725, 1080",78744961465643027,720575940568390768,,,
GCL4,41,D331,"48401, 18527, 994",78674730093549261,720575940572673479,"48401, 18527, 1059",78674730160399612,720575940554812398,,,
GCL4,42,D332,"48672, 18230, 1038",78745030185038991,720575940558011057,"48672, 18230, 1108",78745030185199300,720575940559507530,,,
GCL4,43,D333,"49648, 16993, 1111",78815261490483443,720575940529212248,"49648, 16993, 1126",78815261490509691,720575940552823621,,,
GCL4,44,D334,"50014, 16189, 1143",78885492795750133,720575940562875189,"50014, 16189, 1228",78885492795917645,720575940572146023,,,
GCL4,45,D335,"50306, 15738, 1153",78955792820516954,720575940561495071,"50306, 15738, 1158",78955792820516952,720575940573663992,,,
GCL4,46,D336,"48233, 19424, 960",78674798812985611,720575940558035121,"48233, 19424, 1020",78674798813179880,720575940567267766,,,
GCL4,47,D337,"50719, 15363, 1158",79026161564664692,720575940551443458,"50719, 15363, 1203",79026161564735883,720575940573958960,,,
GCL4,48,D338,"48590, 19028, 961",78674798812987260,720575940562362812,"48590, 19028, 991",78674798813058094,720575940560424382,,,
GCL4,49,D339,"51144, 14941, 1166",79026092845231254,720575940569143153,"51144, 14941, 1241",79026092845399206,720575940562029822,,,
GCL4,50,D340,"49541, 17740, 1074",78815330209852117,720575940569153461,"49541, 17740, 1114",78815330209920456,720575940566539226,,,
GCL4,51,D341,"48843, 18779, 986",78745098837682786,720575940568328953,"48843, 18779, 1006",78745098837725921,720575940561044382,,,
GCL4,52,D342,"49035, 18574, 995",78745098837696943,720575940566695806,"49035, 18574, 1090",78745098904627559,720575940559750172,,,
GCL4,53,D343,"49267, 18280, 1068",78815398929317721,720575940566697086,"49267, 18280, 1128",78815398929454460,720575940563791863,,,
GCL4,54,D344,"50308, 16716, 1108",78955930259355813,720575940563769141,"50308, 16716, 1153",78955930259441909,720575940551546623,,,
GCL4,55,D345,"50560, 16227, 1125",78955861539900626,720575940581964854,"50560, 16227, 1150",78955861539949476,720575940553084567,,,
GCL4,56,D346,"50126, 17313, 1093",78885630234644288,720575940574770685,"50126, 17313, 1113",78885630234677603,720575940558600237,,,
GCL4,57,D347,"50919, 15976, 1127",79026230284084209,720575940549707064,"50919, 15976, 1197",79026230284233780,720575940555127940,,,
GCL4,58,D348,"48756, 19510, 957",78745236276621538,720575940568333817,"48756, 19510, 1052",78745236343505460,720575940553438371,,,
GCL4,59,D349,"51244, 15381, 1151",79096530308847160,720575940569145457,"51244, 15381, 1226",79096530309009753,720575940554445082,,,
GCL4,60,D350,"49499, 18768, 1046",78815467648711342,720575940574002429,"49499, 18768, 1121",78815467648867498,720575940550176551,,,
GCL4,61,D351,"49945, 18334, 1068",78885767673496125,720575940560741700,"49945, 18334, 1083",78885767673521153,720575940571335444,,,
GCL4,62,D352,"49109, 19445, 993",78745167557252751,720575940566717822,"49109, 19445, 1048",78745167624042281,720575940567425099,,,
GCL4,63,D353,"50306, 17988, 1118",78956136417774265,720575940563695284,"50306, 17988, 1183",78956136417919857,720575940554439194,,,
GCL4,64,D354,"51164, 16794, 1054",79026299003364114,720575940574408957,"51164, 16794, 1129",79026299003517884,720575940551719027,,,
GCL4,65,D355,"51902, 15707, 1181",79166899053111021,720575940540844928,"51902, 15707, 1226",79166899053193639,720575940562531445,,,
GCL4,66,D356,"49358, 19632, 923",78815605020730772,720575940581422902,"49528, 19425, 901",78815536301177139,720575940579237776,,,
GCL4,67,D357,"50978, 17293, 1021",79026367655941954,720575940574194941,"50640, 17495, 1021",78956067631325893,720575940563130664,,,
GCL4,68,D358,"51730, 16134, 1145",79166967772485079,720575940574048369,"51704, 16341, 1172",79096599028323498,720575940585098262,,,
GCL4,69,D359,"50636, 18540, 1039",78956205137047762,720575940560558660,"50636, 18540, 1119",78956205137235388,720575940559144651,,,
GCL4,70,D360,"51027, 18199, 1043",79026505161741008,720575940560883524,"51092, 17950, 1008",79026505094854756,720575940587475860,,,
GCL4,71,D361,"49552, 20182, 1004",78815673740522031,720575940574477565,"49470, 20091, 1021",78815673740630738,720575940558605357,,,
GCL4,72,D362,"52408, 16643, 1120",79237405236087419,720575940562905653,"52204, 16756, 1153",79167036491980942,720575940572157287,,,
GCL4,73,D363,"50714, 19500, 1004",79026711253456326,720575940561168196,"50764, 19493, 1055",79026711320208621,720575940573959984,,,
GCL4,74,D364,"51103, 19039, 1006",79026642533943910,720575940561165380,"51103, 19039, 1066",79026642600764127,720575940560950763,,,
GCL4,75,D365,"52244, 17402, 1079",79237473955439575,720575940574234109,"52244, 17402, 1104",79237473955501157,720575940556012650,,,
GCL4,76,D366,"52060, 18272, 1086",79167242650270112,720575940560809284,"52060, 18272, 1136",79167242650369801,720575940559897777,,,
GCL4,77,E131,"52922, 17468, 1112",79307911419176129,720575940569367221,"52909, 17485, 1142",79307911419230400,720575940587288061,,,
GCL4,78,D367,"50905, 20131, 990",79026779973054138,720575940561170244,"50833, 20177, 1011",79026779973085644,720575940550348512,,,
GCL4,79,D368,"51663, 18855, 1068",79096942625480489,720575940569448885,"51650, 18886, 1098",79096942625552747,720575940577502409,,,
GCL4,80,D369,"51146, 19735, 1003",79026711253459211,720575940561162052,"51229, 19465, 983",79097079997577874,720575940558956177,,,
GCL4,81,D370,"51502, 19497, 965",79097079997543544,720575940569319349,"51431, 19511, 994",79097079997599783,720575940563588453,,,